{
  "baggy-jeans.jpeg": [
    0.003763966029509902,
    0.0057319109328091145,
    0.028178419917821884,
    0.0409921370446682,
    -0.030541040003299713,
    0.02369006723165512,
    -0.0277662742882967,
    0.030418580397963524,
    0.03965020552277565,
    0.01048972923308611,
    0.052662212401628494,
    -0.015790846198797226,
    0.0012081627501174808,
    -0.015966828912496567,
    0.007964068092405796,
    0.010107087902724743
  ],
  "blue-black-pattern-dress.jpeg": [
    0.007481034379452467,
    0.0005135879619047046,
    0.020586341619491577,
    -0.01130430493503809,
    -0.015823228284716606,
    0.028199199587106705,
    0.020354794338345528,
    0.011267184279859066,
    0.03165067732334137,
    0.013190621510148048,
    0.0316481851041317,
    0.04665388911962509,
    0.0499659888446331,
    0.03597318381071091,
    0.019161440432071686,
    0.0031065684743225574
  ],
  "blue-flower-dress.jpeg": [
    0.03910741209983826,
    -0.00889970175921917,
    -0.007593593560159206,
    0.0214393250644207,
    -0.02007286436855793,
    -0.0049977898597717285,
    0.0037488851230591536,
    0.02174854651093483,
    0.035816386342048645,
    0.0024493220262229443,
    0.0496143214404583,
    0.04810288920998573,
    0.018404005095362663,
    -0.032844413071870804,
    0.0479666069149971,
    -0.03713255003094673
  ],
  "flat-mars-shirt.jpeg": [
    0.046624790877103806,
    0.028222335502505302,
    0.06830102205276489,
    -0.007811869494616985,
    -0.07081709057092667,
    -0.024269629269838333,
    0.01300600916147232,
    0.022484758868813515,
    0.08504553139209747,
    0.028109941631555557,
    0.008215082809329033,
    0.015886656939983368,
    0.010221509262919426,
    -0.03156173974275589,
    0.04130147024989128,
    -0.020955074578523636
  ],
  "orange-pattern-dress.jpeg": [
    -0.002136520342901349,
    -0.0029547554440796375,
    0.020340925082564354,
    0.019788993522524834,
    -0.02612493745982647,
    0.03825496882200241,
    0.011399471201002598,
    0.008697530254721642,
    0.004754901397973299,
    -0.015742966905236244,
    0.052133284509181976,
    0.025157282128930092,
    0.006727350875735283,
    -0.0018221656791865826,
    0.006386952940374613,
    -0.020101364701986313
  ],
  "queen-tshirt.jpeg": [
    -0.0070739868097007275,
    0.04753001034259796,
    0.03133181482553482,
    0.012783937156200409,
    -0.030991995707154274,
    -0.00604021642357111,
    -0.030471952632069588,
    0.06176135316491127,
    0.07417736947536469,
    0.003743303008377552,
    -0.00035457126796245575,
    -0.011152992025017738,
    0.004994266200810671,
    -0.03266347199678421,
    -0.00864442903548479,
    0.00809146836400032
  ],
  "test-blue-and-grey-shirts.jpg": [
    0.054669056087732315,
    -0.009193629957735538,
    -0.029555102810263634,
    0.02432265877723694,
    0.07765315473079681,
    -0.032479580491781235,
    0.013069521635770798,
    0.046546682715415955,
    0.027305778115987778,
    0.04446398839354515,
    0.05916717275977135,
    -0.013075010851025581,
    0.009668531827628613,
    -0.01687338575720787,
    0.049536049365997314,
    -0.0005045119323767722
  ]
}