{
  "Blue-flower-dress.jpeg": [
    0.02103276737034321,
    0.0018807945307344198,
    0.013084327802062035,
    0.07744814455509186,
    0.032915618270635605,
    0.028990501537919044,
    0.012286919169127941,
    0.05431392043828964,
    0.04921792075037956,
    0.06794736534357071,
    0.015225039795041084,
    0.04309335723519325,
    0.0038968275766819715,
    0.013329870067536831,
    0.016876406967639923,
    0.02405937761068344
  ],
  "Test-blue-and-grey-shirts.jpg": [
    0.024463152512907982,
    0.007402499206364155,
    0.030757589265704155,
    0.019052943214774132,
    0.03623778745532036,
    0.011850880458950996,
    0.050720758736133575,
    0.0032466312404721975,
    0.031563807278871536,
    0.00620231730863452,
    0.03861445188522339,
    0.03398323059082031,
    0.016595927998423576,
    0.10838458687067032,
    0.004862900823354721,
    0.06605613231658936
  ],
  "baggy-jeans.jpeg": [
    0.009325635619461536,
    0.042763303965330124,
    0.004758155904710293,
    0.008350512012839317,
    0.034538816660642624,
    0.06128855422139168,
    0.03623148798942566,
    0.014857606962323189,
    0.05532087758183479,
    0.014689826406538486,
    0.026201190426945686,
    0.034565433859825134,
    0.023506049066781998,
    0.0075125484727323055,
    0.011864746920764446,
    0.032787155359983444
  ],
  "blue-black-pattern-dress.jpeg": [
    0.11809150129556656,
    0.04194081947207451,
    0.06147376075387001,
    0.00205493182875216,
    0.008163678459823132,
    0.036458756774663925,
    0.020545216277241707,
    0.031657155603170395,
    0.03191697224974632,
    0.10546597838401794,
    0.03060838207602501,
    0.023313969373703003,
    0.0009363438584841788,
    0.0,
    0.012036611326038837,
    0.04066077247262001
  ],
  "flat-mars-shirt.jpeg": [
    0.0030676068272441626,
    0.008121605031192303,
    0.016169967129826546,
    0.03370150923728943,
    0.01826499216258526,
    0.035007543861866,
    0.010696268640458584,
    0.022917896509170532,
    0.019801627844572067,
    0.004230806604027748,
    0.02770334482192993,
    0.002629422815516591,
    0.03411635383963585,
    0.04631218686699867,
    0.06908957660198212,
    0.022455502301454544
  ],
  "orange-pattern-dress.jpeg": [
    0.08198913186788559,
    0.012576565146446228,
    0.004193676169961691,
    0.034710343927145004,
    0.0006103751948103309,
    0.12005465477705002,
    0.007799251936376095,
    0.029562244191765785,
    0.10138324648141861,
    0.04770400747656822,
    0.013450107537209988,
    0.0449674166738987,
    0.00770683353766799,
    0.001956229330971837,
    0.010798766277730465,
    0.028780357912182808
  ],
  "queen-tshirt.jpeg": [
    0.0003069268714170903,
    0.031928349286317825,
    0.003234957344830036,
    0.0006732698529958725,
    0.01250614132732153,
    0.09535054117441177,
    0.004951209295541048,
    0.02789261005818844,
    0.014309780672192574,
    0.020690929144620895,
    0.004235091153532267,
    0.0016422137850895524,
    0.009867715649306774,
    0.004596599377691746,
    0.015177631750702858,
    0.004683201666921377
  ]
}
