{
  "baggy-jeans.jpeg": [
    0.05988551676273346,
    0.0554821714758873,
    0.029355645179748535,
    0.06399530917406082,
    0.06898576766252518,
    0.04873037338256836,
    0.03786878287792206,
    0.01379715371876955,
    0.0020548952743411064,
    0.024952298030257225,
    0.04315279796719551,
    0.02876853197813034,
    0.046088363975286484,
    0.029062088578939438,
    0.007045355159789324,
    0.02671363763511181
  ],
  "blue-black-pattern-dress.jpeg": [
    0.05509795993566513,
    0.011649282649159431,
    0.05919095128774643,
    0.03179939463734627,
    0.05919095128774643,
    0.0746183842420578,
    0.05509795993566513,
    0.059820640832185745,
    0.06139487028121948,
    0.001889072940684855,
    0.020464956760406494,
    0.034947849810123444,
    0.007241446059197187,
    0.06076518073678017,
    0.04092991352081299,
    0.041244760155677795
  ],
  "blue-flower-dress.jpeg": [
    0.02232518419623375,
    0.02673509530723095,
    0.008268586359918118,
    0.028113193809986115,
    0.05980944260954857,
    0.03775987774133682,
    0.02149832434952259,
    0.04713094234466553,
    0.019844606518745422,
    0.030593769624829292,
    0.05457267165184021,
    0.009646683931350708,
    0.06504621356725693,
    0.03858673572540283,
    0.04051607474684715,
    0.03913797438144684
  ],
  "flat-mars-shirt.jpeg": [
    0.034366175532341,
    0.07298720628023148,
    0.058913443237543106,
    0.03862103447318077,
    0.006873235106468201,
    0.04287589341402054,
    0.0016364845214411616,
    0.0006545938085764647,
    0.007855125702917576,
    0.06807775795459747,
    0.05924073979258537,
    0.07200531661510468,
    0.07298720628023148,
    0.048112645745277405,
    0.04353049024939537,
    0.05236750468611717
  ],
  "orange-pattern-dress.jpeg": [
    0.07032747566699982,
    0.06850866228342056,
    0.02879788726568222,
    0.026979073882102966,
    0.04819856956601143,
    0.051836200058460236,
    0.004850170575082302,
    0.02879788726568222,
    0.016369326040148735,
    0.0394076369702816,
    0.0036376279313117266,
    0.07457137107849121,
    0.0494111143052578,
    0.033344924449920654,
    0.033344924449920654,
    0.0551706925034523
  ],
  "queen-tshirt.jpeg": [
    0.08183693885803223,
    0.02804894931614399,
    0.08381686359643936,
    0.018479308113455772,
    0.06896741688251495,
    0.03563866391777992,
    0.039268530905246735,
    0.05081809684634209,
    0.047848209738731384,
    0.06830744445323944,
    0.034648701548576355,
    0.02177918516099453,
    0.054777950048446655,
    0.06929740309715271,
    0.016499381512403488,
    0.05048811063170433
  ],
  "test-blue-and-grey-shirts.jpg": [
    0.06407520174980164,
    0.04049775004386902,
    0.018029820173978806,
    0.04854182153940201,
    0.012482183054089546,
    0.06518473476171494,
    0.05935971438884735,
    0.04826444014906883,
    0.055476367473602295,
    0.007489309646189213,
    0.030512003228068352,
    0.06268829852342606,
    0.0599144771695137,
    0.05714065954089165,
    0.04826444014906883,
    0.06906808167695999
  ]
}
